{"حي المعيزلة": 0.0032385458928940905, "حي السليمانية": 0.0017542123586509657, "حي الرمال": 0.06877412041993144, "حي الياسمين": 0.02569246408362645, "حي الحمراء": 0.0026807963224512194, "حي الفيحاء": 0.0018891517708548862, "حي النفل": 0.0042640854256438855, "حي العريجاء الغربية": 0.012549365334964601, "حي اليرموك": 0.0239112638425347, "حي نمار": 0.0041291460134399655, "حي ظهرة البديعة": 0.003139590323944549, "حي الاندلس": 0.004228101582389507, "حي الملز": 0.0016732487113286134, "حي الحزم": 0.022732792975953795, "حي الدار البيضاء": 0.012207518824048002, "حي ظهرة لبن": 0.03611878266658271, "حي النهضة": 0.01346695333795126, "حي الخليج": 0.008006405124099279, "حي النظيم": 0.004461996563542969, "حي العليا": 0.002482885184552136, "حي المنصورة": 0.0005397576488156817, "حي ام الحمام الغربي": 0.0005217657271884924, "حي طويق": 0.11315119511339408, "حي العزيزية": 0.007898453594336143, "حي القادسية": 0.018873525786921672, "حي النرجس": 0.07194969458713038, "حي طيبة": 0.008555158733728556, "حي عكاظ": 0.0337618409334209, "حي الجنادرية": 0.007025845395417458, "حي العريجاء الوسطى": 0.0036523600903194467, "حي الفاخرية": 0.0002608828635942462, "حي الجزيرة": 0.0010975072192585529, "حي الشفا": 0.009931540738208544, "حي ديراب": 0.0046599077014420525, "حي النسيم الغربي": 0.007052833277858241, "حي المربع": 0.00029686670684862495, "حي الاسكان": 0.00014393537301751513, "حي جرير": 0.0005217657271884924, "حي الروضة": 0.00517267746781695, "حي المونسية": 0.04887505510025998, "حي بدر": 0.06049783647142433, "حي سلطانة": 0.000620721296138034, "حي الملك فيصل": 0.0035713964429970944, "حي ظهرة نمار": 0.012630328982286953, "حي قرطبة": 0.012936191649949172, "حي القيروان": 0.009814593247631813, "حي العارض": 0.07224656129397901, "حي السويدي الغربي": 0.002581840753501678, "حي الربوة": 0.0026807963224512194, "حي ضاحية نمار": 0.005100709781308193, "حي شبرا": 0.001565297181565477, "حي الشرق": 0.005028742094799435, "حي البديعة": 0.00031485862847581436, "حي المروة": 0.001268430474716852, "حي القدس": 0.0027347720873327876, "حي المهدية": 0.07305619776720253, "حي الصحافة": 0.006944881748095105, "حي الغدير": 0.00028787074603503027, "حي الازدهار": 0.0032115580104533064, "حي العقيق": 0.0059823139410404725, "حي الورود": 0.0011065031800721475, "حي بنبان": 0.0021680265560763217, "حي غبيرة": 3.5983843254378784e-05, "حي السلام": 0.0010615233760041742, "حي مطار الملك خالد الدولي": 0.0026448124791968405, "حي الزهرة": 0.004165129856694344, "حي اشبيلية": 0.013538921024460018, "حي عريض": 0.00011694749057673104, "حي الملقا": 0.015940842561689803, "حي عرقة": 0.0017362204370237762, "حي الحائر": 0.00017092325545829923, "حي الفلاح": 0.0017812002410917498, "حي المرسلات": 0.001304414317971231, "حي الشهداء": 0.0016642527505150188, "حي الصفا": 0.00019791113789908332, "حي منفوحة الجديدة": 6.297172569516287e-05, "حي العمل": 8.096364732235226e-05, "حي المحمدية": 0.0009085920421730643, "حي السعادة": 0.005163681507003356, "حي الريان": 0.0013403981612256097, "حي الدريهمية": 0.0018981477316684808, "حي لبن": 0.0026538084400104353, "حي السويدي": 0.0051906693894441394, "حي حطين": 0.003688343933573825, "حي عتيقة": 6.297172569516287e-05, "حي أحد": 0.002266982125025863, "حي الوادي": 0.00517267746781695, "حي النسيم الشرقي": 0.002806739773841545, "حي الملك فهد": 0.002042083104685996, "حي العريجاء": 0.00046778996230692417, "حي الزهراء": 0.000620721296138034, "حي النزهة": 0.0009265839638002537, "حي التعاون": 0.0014843335342431248, "حي غرناطة": 0.005046734016426625, "حي المدينة الصناعية الجديدة": 7.196768650875757e-05, "حي اليمامة": 0.0002608828635942462, "حي الخالدية": 0.00028787074603503027, "حي الضباط": 0.00019791113789908332, "حي الندى": 0.003607380286251473, "حي الربيع": 0.0047228794271372155, "حي المعذر الشمالي": 0.0004497980406797348, "حي الروابي": 0.002455897302111352, "حي المروج": 0.0015922850640062612, "حي المصيف": 0.0032295499320804956, "حي المنار": 0.0027437680481463824, "حي المغرزات": 0.0011874668273944998, "حي الرحمانية": 0.00038682631498457195, "حي المصانع": 6.297172569516287e-05, "حي النخيل": 0.001151482984140121, "حي صلاح الدين": 9.895556894954166e-05, "حي الرفيعة": 0.0006297172569516287, "حي الغنامية": 0.0002248990203398674, "حي ثليم": 2.6987882440784088e-05, "حي الملك عبدالله": 0.000413814197425356, "حي الملك عبدالعزيز": 9.895556894954166e-05, "حي المناخ": 8.096364732235226e-05, "حي مركز الملك عبدالله للدراسات والبحوث": 2.6987882440784088e-05, "حي ام الحمام الشرقي": 8.096364732235226e-05, "حي المعذر": 3.5983843254378784e-05, "حي الفاروق": 0.00023389498115346209, "حي الوزارات": 2.6987882440784088e-05, "حي النور": 8.995960813594696e-06, "حي الشرفية": 0.00010795152976313635, "حي الجرادية": 1.7991921627189392e-05, "حي المصفاة": 2.6987882440784088e-05, "حي الواحة": 0.0002428909419670568, "حي الرماية": 8.995960813594696e-06, "حي البرية": 4.497980406797348e-05, "حي الرائد": 0.00013493941220392043, "حي عليشة": 0.00011694749057673104, "حي الفوطة": 3.5983843254378784e-05, "حي منفوحة": 3.5983843254378784e-05, "حي النموذجية": 2.6987882440784088e-05, "حي السلي": 5.3975764881568175e-05, "حي الديرة": 2.6987882440784088e-05, "حي الوشام": 4.497980406797348e-05, "حي ام سليم": 4.497980406797348e-05, "حي جامعة الملك سعود": 1.7991921627189392e-05, "حي الخزامى": 1.7991921627189392e-05, "حي المنصورية": 7.196768650875757e-05, "حي جامعة الأميرة نورة": 0.00038682631498457195, "حي الدوبية": 8.995960813594696e-06, "حي الصناعية": 8.995960813594696e-06, "حي الهدا": 8.995960813594697e-05, "حي المشاعل": 8.995960813594696e-06, "حي خشم العان": 2.6987882440784088e-05, "حي الفيصلية": 1.7991921627189392e-05, "حي جامعة الامام محمد بن سعود الاسلامية": 8.995960813594696e-06, "حي صياح": 8.995960813594696e-06, "حي المؤتمرات": 1.7991921627189392e-05}